{
  "nodes": [
    {
      "id": "#b-e24fcc25-6b0a-46cf-8e55-ee80118b6349",
      "type": "9",
      "x": 874.4388442704179,
      "y": 125.3180744435404,
      "i": [
        "#i-5ee84e04-7524-4bb9-b2a6-702cfe87b389",
        "#i-11b7e8be-8775-4776-b762-56704609d444"
      ],
      "o": [
        "#o-e858a992-c165-4909-bfb2-4a2c28092c89"
      ]
    },
    {
      "id": "#b-85ef80dd-cb05-4891-9a47-272ad2d66455",
      "type": "9",
      "x": 885.1292974729889,
      "y": 223.09941133851612,
      "i": [
        "#i-54263a41-a0e3-4e8d-a29e-7f2ff6a47f55",
        "#i-23a7d54a-a155-473d-a43b-dd290ccaa089"
      ],
      "o": [
        "#o-03091a7e-ef46-4ad1-80ed-18a3db471718"
      ]
    },
    {
      "id": "#b-1fe5ce67-3041-494a-ab16-0094bcff2b89",
      "type": "2",
      "x": 791.1541028300894,
      "y": 262.705957280767,
      "i": [
        "#i-02310292-9e85-4c3a-8b9a-2e9831980d60"
      ],
      "o": [
        "#o-13a65a20-220d-4647-83e7-0ae634a9a6c3"
      ]
    },
    {
      "id": "#b-efd2a93a-cec0-4a8a-8c60-e6e48515aa1e",
      "type": "2",
      "x": 776.4777806486911,
      "y": 135.13484908861338,
      "i": [
        "#i-d4a41090-197e-4bf7-ae89-bda5d162a2ec"
      ],
      "o": [
        "#o-e233fac7-99c9-4516-81f1-461d69608c49"
      ]
    },
    {
      "id": "#b-56543b68-a026-4bea-936b-866e2e76fa21",
      "type": "8",
      "x": 544.4789953965889,
      "y": 170.13223275194753,
      "i": [
        "#i-f156b677-fbc1-4542-9999-226cde087297",
        "#i-785de6f0-7969-460b-bfc4-2e5cd95bb72a"
      ],
      "o": [
        "#o-31e69dab-2092-4a4d-aae6-d6428d9a885e"
      ]
    },
    {
      "id": "#b-f4923204-502b-43ac-8326-61594d294d9a",
      "type": "6",
      "x": 421.42367864486545,
      "y": 110.86247009630098,
      "i": [],
      "o": [
        "#o-891bc326-f748-4092-afb9-70b3fbc22d82"
      ]
    },
    {
      "id": "#b-4de3d07b-a423-467f-9d22-01e5e8e4be33",
      "type": "4",
      "x": 415.2144654142739,
      "y": 185.9375027934533,
      "i": [],
      "o": [
        "#o-7eee7eee-7e24-44fe-ba8d-a57e84bc8d09"
      ]
    },
    {
      "id": "#b-daa05827-1074-45fc-8a3d-e2a6607bf163",
      "type": "5",
      "x": 494.47532888183406,
      "y": 36.11175332987035,
      "i": [
        "#i-a2d5c57d-a3a3-4419-b67c-c43d9539f875"
      ],
      "o": []
    }
  ],
  "lines": [
    {
      "from": "#o-03091a7e-ef46-4ad1-80ed-18a3db471718",
      "to": "#i-11b7e8be-8775-4776-b762-56704609d444",
      "id": "#l-cf7660ea-9c64-4800-933a-b670cad8973d"
    },
    {
      "from": "#o-e858a992-c165-4909-bfb2-4a2c28092c89",
      "to": "#i-54263a41-a0e3-4e8d-a29e-7f2ff6a47f55",
      "id": "#l-558317cd-df2e-4160-b1a2-abdb163432c3"
    },
    {
      "from": "#o-13a65a20-220d-4647-83e7-0ae634a9a6c3",
      "to": "#i-23a7d54a-a155-473d-a43b-dd290ccaa089",
      "id": "#l-4973b1eb-6975-4b63-9fd9-e209e06cdb2b"
    },
    {
      "from": "#o-e233fac7-99c9-4516-81f1-461d69608c49",
      "to": "#i-5ee84e04-7524-4bb9-b2a6-702cfe87b389",
      "id": "#l-07b1578b-198d-4654-ae4d-34bfcd228747"
    },
    {
      "from": "#o-31e69dab-2092-4a4d-aae6-d6428d9a885e",
      "to": "#i-02310292-9e85-4c3a-8b9a-2e9831980d60",
      "id": "#l-624c9e4e-278d-4050-9390-8b87c731a4f8"
    },
    {
      "from": "#o-891bc326-f748-4092-afb9-70b3fbc22d82",
      "to": "#i-d4a41090-197e-4bf7-ae89-bda5d162a2ec",
      "id": "#l-e02f6177-0777-4f8c-a2df-fa0022989a16"
    },
    {
      "from": "#o-891bc326-f748-4092-afb9-70b3fbc22d82",
      "to": "#i-f156b677-fbc1-4542-9999-226cde087297",
      "id": "#l-19a16f27-a1df-44b4-b0ab-90aef600fcdc"
    },
    {
      "from": "#o-7eee7eee-7e24-44fe-ba8d-a57e84bc8d09",
      "to": "#i-785de6f0-7969-460b-bfc4-2e5cd95bb72a",
      "id": "#l-dca726f8-00b5-48bb-8ea6-8d0d428dbc49"
    },
    {
      "from": "#o-e858a992-c165-4909-bfb2-4a2c28092c89",
      "to": "#i-a2d5c57d-a3a3-4419-b67c-c43d9539f875",
      "id": "#l-83562621-767c-4be2-a1e0-919b5972366a"
    }
  ]
}